Number of Elements (n)	 Time (sec) 
10	178.571
100	542.857
1000	3878.57
10000	46471.4
100000	405207
1000000	4.26941e+06
10000000	3.01884e+07
