Number of Elements (n)	 Time (ns) 
10	180
100	680
1000	5710
10000	57770
100000	693700
1000000	6.82289e+06
10000000	5.79626e+07
